model,split,auc,pr_auc,precision,recall,f1,top_10pct_churn_recall,positive_rate
xgboost,test_refit,0.8159950125470765,0.8384753629779919,0.7318743846885482,0.8233002965799452,0.7748999584816657,0.1709651987836468,0.55183343691734
