top_k_pct,targeted_users,captured_churn_users,churn_precision,churn_recall,lift_vs_base,avg_score,baseline_churn_rate
0.01,1930,1833,0.949740932642487,0.017203513909224012,1.721064489944545,0.9424030676994819,0.55183343691734
0.02,3861,3653,0.9461279461279462,0.03428501708150317,1.7145172489242766,0.9419470188241388,0.55183343691734
0.05,9654,9155,0.9483115806919412,0.08592371513308555,1.718474302661711,0.9410987308928942,0.55183343691734
0.1,19308,18204,0.9428216283405843,0.1708525734880054,1.708525734880054,0.9395688460731302,0.55183343691734
0.2,38616,35218,0.9120053863683447,0.3305364718249052,1.6526823591245259,0.9143772152069091,0.55183343691734
